source	target
EP16-Volunteers	go
EP16-Volunteers	leave
EP16-Volunteers	know
EP16-Volunteers	pass
EP16-Volunteers	sing
EP16-Volunteers	love
EP16-Volunteers	cry
EP16-Volunteers	get
EP16-Volunteers	fade
EP16-Volunteers	make
EP16-Volunteers	come
EP16-Volunteers	die
EP16-Volunteers	smile
EP16-Volunteers	try
EP9-SherryDarlin	fall
EP9-SherryDarlin	elect
EP9-SherryDarlin	stand
EP9-SherryDarlin	spill
EP9-SherryDarlin	fail
EP9-SherryDarlin	watch
EP9-SherryDarlin	wash
EP9-SherryDarlin	fly
EP9-SherryDarlin	let
EP9-SherryDarlin	poison
EP9-SherryDarlin	lie
EP9-SherryDarlin	lay
EP9-SherryDarlin	dwell
EP9-SherryDarlin	threaten
EP9-SherryDarlin	offer
EP9-SherryDarlin	remember
EP9-SherryDarlin	have
EP9-SherryDarlin	roll
EP9-SherryDarlin	go
EP9-SherryDarlin	know
EP9-SherryDarlin	clean
EP9-SherryDarlin	sit
EP9-SherryDarlin	beat
EP19-LateReturns	run
EP19-LateReturns	escape
EP19-LateReturns	cross
EP19-LateReturns	leave
EP19-LateReturns	recognize
EP19-LateReturns	make
EP19-LateReturns	learn
EP19-LateReturns	need
EP19-LateReturns	find
EP19-LateReturns	hear
EP19-LateReturns	survive
EP19-LateReturns	come
EP19-LateReturns	there¡¯s
EP19-LateReturns	tear
EP19-LateReturns	have
EP19-LateReturns	try
EP19-LateReturns	turn
EP19-LateReturns	go
EP19-LateReturns	happen
EP19-LateReturns	prompt
EP19-LateReturns	talk
EP19-LateReturns	say
EP10-Hitchhiker	teach
EP10-Hitchhiker	run
EP10-Hitchhiker	walk
EP10-Hitchhiker	retract
EP10-Hitchhiker	see
EP10-Hitchhiker	arrive
EP10-Hitchhiker	spread
EP10-Hitchhiker	make
EP10-Hitchhiker	snuff
EP10-Hitchhiker	reach
EP10-Hitchhiker	follow
EP10-Hitchhiker	delay
EP10-Hitchhiker	be
EP10-Hitchhiker	do
EP10-Hitchhiker	allow
EP10-Hitchhiker	ask
EP10-Hitchhiker	find
EP10-Hitchhiker	understand
EP10-Hitchhiker	believe
EP10-Hitchhiker	walkin
EP10-Hitchhiker	try
EP10-Hitchhiker	open
EP10-Hitchhiker	eliminate
EP10-Hitchhiker	know
EP10-Hitchhiker	sing
EP10-Hitchhiker	sell
EP22-ThePlan	go
EP22-ThePlan	be
EP22-ThePlan	know
EP22-ThePlan	shrink
EP22-ThePlan	stop
EP22-ThePlan	find
EP22-ThePlan	wise
EP22-ThePlan	live
EP22-ThePlan	stand
EP22-ThePlan	get
EP22-ThePlan	begin
EP22-ThePlan	think
EP22-ThePlan	want
EP8-FlyAway	findin
EP8-FlyAway	light
EP8-FlyAway	fly
EP8-FlyAway	want
EP8-FlyAway	flutter
EP8-FlyAway	hold
EP8-FlyAway	see
EP8-FlyAway	mean
EP8-FlyAway	spread
EP8-FlyAway	need
EP8-FlyAway	be
EP8-FlyAway	find
EP8-FlyAway	comin
EP8-FlyAway	keep
EP8-FlyAway	believe
EP8-FlyAway	kiss
EP8-FlyAway	turn
EP8-FlyAway	change
EP8-FlyAway	take
EP8-FlyAway	bring
EP8-FlyAway	say
EP7-ATimeToHate	bear
EP7-ATimeToHate	love
EP7-ATimeToHate	heal
EP7-ATimeToHate	embrace
EP7-ATimeToHate	walk
EP7-ATimeToHate	bewilder
EP7-ATimeToHate	see
EP7-ATimeToHate	mourn
EP7-ATimeToHate	tell
EP7-ATimeToHate	weep
EP7-ATimeToHate	hurt
EP7-ATimeToHate	break
EP7-ATimeToHate	cast
EP7-ATimeToHate	seem
EP7-ATimeToHate	remember
EP7-ATimeToHate	be
EP7-ATimeToHate	do
EP7-ATimeToHate	build
EP7-ATimeToHate	refrain
EP7-ATimeToHate	die
EP7-ATimeToHate	gather
EP7-ATimeToHate	turn
EP7-ATimeToHate	go
EP7-ATimeToHate	dance
EP7-ATimeToHate	know
EP7-ATimeToHate	reap
EP7-ATimeToHate	happen
EP7-ATimeToHate	laugh
EP7-ATimeToHate	plant
EP7-ATimeToHate	deceive
EP7-ATimeToHate	say
EP7-ATimeToHate	wanna
EP18-Resolutions	steel
EP18-Resolutions	stand
EP18-Resolutions	matter
EP18-Resolutions	tell
EP18-Resolutions	singe
EP18-Resolutions	fight
EP18-Resolutions	make
EP18-Resolutions	visit
EP18-Resolutions	be
EP18-Resolutions	idle
EP18-Resolutions	worry
EP18-Resolutions	come
EP18-Resolutions	gather
EP18-Resolutions	have
EP18-Resolutions	fear
EP18-Resolutions	go
EP18-Resolutions	know
EP18-Resolutions	steal
EP18-Resolutions	break
EP23-LoversLane	love
EP23-LoversLane	walk
EP23-LoversLane	want
EP23-LoversLane	see
EP23-LoversLane	leave
EP23-LoversLane	cry
EP23-LoversLane	search
EP23-LoversLane	stay
EP23-LoversLane	follow
EP23-LoversLane	need
EP23-LoversLane	face
EP23-LoversLane	give
EP23-LoversLane	have
EP23-LoversLane	try
EP23-LoversLane	carry
EP23-LoversLane	take
EP23-LoversLane	know
EP23-LoversLane	♪
EP23-LoversLane	say
EP14-TheBoyInTheBox	belong
EP14-TheBoyInTheBox	love
EP14-TheBoyInTheBox	live
EP14-TheBoyInTheBox	stand
EP14-TheBoyInTheBox	long
EP14-TheBoyInTheBox	mean
EP14-TheBoyInTheBox	have
EP14-TheBoyInTheBox	say
EP3-OurBoyIsBack	fall
EP3-OurBoyIsBack	drive
EP3-OurBoyIsBack	remember
EP3-OurBoyIsBack	stand
EP3-OurBoyIsBack	kiss
EP3-OurBoyIsBack	beat
EP11-Hubris	see
EP11-Hubris	go
EP11-Hubris	look
EP11-Hubris	take
EP11-Hubris	know
EP11-Hubris	start
EP11-Hubris	find
EP11-Hubris	hear
EP11-Hubris	stand
EP11-Hubris	slide
EP11-Hubris	fade
EP11-Hubris	burn
EP11-Hubris	play
EP11-Hubris	say
EP12-Glued	work
EP12-Glued	collect
EP12-Glued	see
EP12-Glued	hope
EP12-Glued	make
EP12-Glued	stay
EP12-Glued	follow
EP12-Glued	need
EP12-Glued	pass
EP12-Glued	give
EP12-Glued	believe
EP12-Glued	drift
EP12-Glued	know
EP12-Glued	glide
EP12-Glued	live
EP12-Glued	spend
EP12-Glued	fade
EP12-Glued	feel
EP12-Glued	say
EP15-DiscoInferno	dance
EP15-DiscoInferno	need
EP15-DiscoInferno	guide
EP15-DiscoInferno	scold
EP15-DiscoInferno	tell
EP15-DiscoInferno	talk
EP15-DiscoInferno	let
EP15-DiscoInferno	use
EP15-DiscoInferno	hold
EP21-MaternalInstincts	shine
EP21-MaternalInstincts	watch
EP21-MaternalInstincts	want
EP21-MaternalInstincts	help
EP21-MaternalInstincts	close
EP21-MaternalInstincts	tell
EP21-MaternalInstincts	mean
EP21-MaternalInstincts	burn
EP21-MaternalInstincts	lose
EP21-MaternalInstincts	wrap
EP21-MaternalInstincts	belong
EP21-MaternalInstincts	do
EP21-MaternalInstincts	hear
EP21-MaternalInstincts	sleep
EP21-MaternalInstincts	give
EP21-MaternalInstincts	sail
EP21-MaternalInstincts	sink
EP21-MaternalInstincts	understand
EP21-MaternalInstincts	dream
EP21-MaternalInstincts	come
EP21-MaternalInstincts	darle
EP21-MaternalInstincts	believe
EP21-MaternalInstincts	ease
EP21-MaternalInstincts	have
EP21-MaternalInstincts	try
EP21-MaternalInstincts	crawl
EP21-MaternalInstincts	take
EP21-MaternalInstincts	feel
EP21-MaternalInstincts	say
EP21-MaternalInstincts	beat
EP17-TheLostSoulOfHermanLester	stand
EP17-TheLostSoulOfHermanLester	watch
EP17-TheLostSoulOfHermanLester	walk
EP17-TheLostSoulOfHermanLester	think
EP17-TheLostSoulOfHermanLester	see
EP17-TheLostSoulOfHermanLester	step
EP17-TheLostSoulOfHermanLester	trace
EP17-TheLostSoulOfHermanLester	cry
EP17-TheLostSoulOfHermanLester	grow
EP17-TheLostSoulOfHermanLester	follow
EP17-TheLostSoulOfHermanLester	sow
EP17-TheLostSoulOfHermanLester	look
EP17-TheLostSoulOfHermanLester	remember
EP17-TheLostSoulOfHermanLester	learn
EP17-TheLostSoulOfHermanLester	do
EP17-TheLostSoulOfHermanLester	hear
EP17-TheLostSoulOfHermanLester	pray
EP17-TheLostSoulOfHermanLester	understand
EP17-TheLostSoulOfHermanLester	come
EP17-TheLostSoulOfHermanLester	have
EP17-TheLostSoulOfHermanLester	try
EP17-TheLostSoulOfHermanLester	turn
EP17-TheLostSoulOfHermanLester	go
EP17-TheLostSoulOfHermanLester	know
EP17-TheLostSoulOfHermanLester	happen
EP17-TheLostSoulOfHermanLester	live
EP17-TheLostSoulOfHermanLester	♪
EP17-TheLostSoulOfHermanLester	steal
EP17-TheLostSoulOfHermanLester	feel
EP5-TheRunner	go
EP5-TheRunner	need
EP5-TheRunner	carry
EP5-TheRunner	be
EP5-TheRunner	know
EP5-TheRunner	borrow
EP5-TheRunner	lean
EP5-TheRunner	fill
EP5-TheRunner	swallow
EP5-TheRunner	have
EP5-TheRunner	help
EP4-ChurchgoingPeople	touch
EP4-ChurchgoingPeople	get
EP4-ChurchgoingPeople	think
EP4-ChurchgoingPeople	see
EP4-ChurchgoingPeople	pick
EP4-ChurchgoingPeople	tell
EP4-ChurchgoingPeople	hide
EP4-ChurchgoingPeople	guess
EP4-ChurchgoingPeople	burn
EP4-ChurchgoingPeople	learn
EP4-ChurchgoingPeople	need
EP4-ChurchgoingPeople	give
EP4-ChurchgoingPeople	keep
EP4-ChurchgoingPeople	come
EP4-ChurchgoingPeople	play
EP4-ChurchgoingPeople	have
EP4-ChurchgoingPeople	take
EP4-ChurchgoingPeople	know
EP4-ChurchgoingPeople	live
EP6-LoveConquersAI	lift
EP6-LoveConquersAI	touch
EP6-LoveConquersAI	love
EP6-LoveConquersAI	get
EP6-LoveConquersAI	tease
EP6-LoveConquersAI	heal
EP6-LoveConquersAI	see
EP6-LoveConquersAI	knock
EP6-LoveConquersAI	mean
EP6-LoveConquersAI	stay
EP6-LoveConquersAI	make
EP6-LoveConquersAI	listen
EP6-LoveConquersAI	wish
EP6-LoveConquersAI	be
EP6-LoveConquersAI	do
EP6-LoveConquersAI	find
EP6-LoveConquersAI	keep
EP6-LoveConquersAI	come
EP6-LoveConquersAI	hang
EP6-LoveConquersAI	turn
EP6-LoveConquersAI	have
EP6-LoveConquersAI	walkin
EP6-LoveConquersAI	go
EP6-LoveConquersAI	please
EP6-LoveConquersAI	invade
EP6-LoveConquersAI	inspire
EP6-LoveConquersAI	know
EP6-LoveConquersAI	live
EP6-LoveConquersAI	reveal
EP6-LoveConquersAI	laugh
EP6-LoveConquersAI	feel
EP6-LoveConquersAI	say
EP6-LoveConquersAI	wanna
EP6-LoveConquersAI	unease
EP20-Greed	run
EP20-Greed	start
EP20-Greed	let
EP20-Greed	see
EP20-Greed	lack
EP20-Greed	forget
EP20-Greed	cry
EP20-Greed	stay
EP20-Greed	reach
EP20-Greed	be
EP20-Greed	keep
EP20-Greed	end
EP20-Greed	have
EP20-Greed	click
EP20-Greed	go
EP20-Greed	stray
EP20-Greed	know
EP20-Greed	sing
EP20-Greed	feel
EP20-Greed	say
